{
      "de": {
            "precision": 0.9716522107044637,
            "recall": 0.967150979153506,
            "f1-score": 0.9693963697762769,
            "support": 4749.0
      },
      "en": {
            "precision": 0.96875,
            "recall": 0.9792136719312563,
            "f1-score": 0.9739537326616851,
            "support": 20831.0
      },
      "es": {
            "precision": 0.9764212896366252,
            "recall": 0.9692078470325304,
            "f1-score": 0.9728011963734928,
            "support": 16108.0
      },
      "fr": {
            "precision": 0.9852633894204333,
            "recall": 0.9644741091613737,
            "f1-score": 0.9747579153519748,
            "support": 9289.0
      },
      "it": {
            "precision": 0.9631763244098046,
            "recall": 0.9765231333027943,
            "f1-score": 0.9698038100653966,
            "support": 8732.0
      },
      "nl": {
            "precision": 0.9918012422360248,
            "recall": 0.9684619116933527,
            "f1-score": 0.9799926353258869,
            "support": 8244.0
      },
      "pt": {
            "precision": 0.959927797833935,
            "recall": 0.9684351098700983,
            "f1-score": 0.964162688100562,
            "support": 8237.0
      },
      "sv": {
            "precision": 0.9485192360918904,
            "recall": 0.9702718006795017,
            "f1-score": 0.9592722183344996,
            "support": 3532.0
      },
      "tr": {
            "precision": 0.9793384421379377,
            "recall": 0.9822922747616267,
            "f1-score": 0.9808131345023559,
            "support": 10278.0
      },
      "accuracy": 0.9730333333333333,
      "macro avg": {
            "precision": 0.9716499924967904,
            "recall": 0.9717812041762267,
            "f1-score": 0.9716615222769034,
            "support": 90000.0
      },
      "weighted avg": {
            "precision": 0.9731590464788586,
            "recall": 0.9730333333333333,
            "f1-score": 0.973051584451183,
            "support": 90000.0
      }
}