{
      "de": {
            "precision": 0.9773804394657475,
            "recall": 0.9553590229522004,
            "f1-score": 0.9662442764348844,
            "support": 4749.0
      },
      "en": {
            "precision": 0.956682070671708,
            "recall": 0.9838701934616677,
            "f1-score": 0.9700856723623799,
            "support": 20831.0
      },
      "es": {
            "precision": 0.980124536134348,
            "recall": 0.9674074993791905,
            "f1-score": 0.9737244977661137,
            "support": 16108.0
      },
      "fr": {
            "precision": 0.9877320954907162,
            "recall": 0.9621057164387986,
            "f1-score": 0.9747505044445657,
            "support": 9289.0
      },
      "it": {
            "precision": 0.9535506922733363,
            "recall": 0.9780119102153001,
            "f1-score": 0.9656264133876075,
            "support": 8732.0
      },
      "nl": {
            "precision": 0.9690696834757492,
            "recall": 0.9767103347889374,
            "f1-score": 0.9728750075515012,
            "support": 8244.0
      },
      "pt": {
            "precision": 0.9701694082985515,
            "recall": 0.9594512565254341,
            "f1-score": 0.9647805652200452,
            "support": 8237.0
      },
      "sv": {
            "precision": 0.9854397204426325,
            "recall": 0.9580973952434881,
            "f1-score": 0.9715762273901809,
            "support": 3532.0
      },
      "tr": {
            "precision": 0.9917184265010351,
            "recall": 0.9786923525977816,
            "f1-score": 0.9851623328926106,
            "support": 10278.0
      },
      "accuracy": 0.9721111111111111,
      "macro avg": {
            "precision": 0.9746518969726472,
            "recall": 0.9688561868447554,
            "f1-score": 0.971647277494432,
            "support": 90000.0
      },
      "weighted avg": {
            "precision": 0.9723696555121284,
            "recall": 0.9721111111111111,
            "f1-score": 0.9721332774206354,
            "support": 90000.0
      }
}