{
      "de": {
            "precision": 0.9890924956369983,
            "recall": 0.9547273110128448,
            "f1-score": 0.9716061287903139,
            "support": 4749.0
      },
      "en": {
            "precision": 0.9549981384959046,
            "recall": 0.9851183332533243,
            "f1-score": 0.9698244287435903,
            "support": 20831.0
      },
      "es": {
            "precision": 0.9810465335936024,
            "recall": 0.9672212565185001,
            "f1-score": 0.9740848416643221,
            "support": 16108.0
      },
      "fr": {
            "precision": 0.9822795887114417,
            "recall": 0.9667348476692863,
            "f1-score": 0.9744452281482285,
            "support": 9289.0
      },
      "it": {
            "precision": 0.9523438369891994,
            "recall": 0.9795006871278058,
            "f1-score": 0.9657313837294642,
            "support": 8732.0
      },
      "nl": {
            "precision": 0.9716423313623748,
            "recall": 0.9767103347889374,
            "f1-score": 0.974169741697417,
            "support": 8244.0
      },
      "pt": {
            "precision": 0.9838911088911089,
            "recall": 0.956537574359597,
            "f1-score": 0.9700215450907972,
            "support": 8237.0
      },
      "sv": {
            "precision": 0.9834446703456288,
            "recall": 0.9586636466591166,
            "f1-score": 0.9708960573476703,
            "support": 3532.0
      },
      "tr": {
            "precision": 0.9879246023954448,
            "recall": 0.9790815333722515,
            "f1-score": 0.9834831899921814,
            "support": 10278.0
      },
      "accuracy": 0.9727555555555556,
      "macro avg": {
            "precision": 0.976295922935745,
            "recall": 0.9693661694179627,
            "f1-score": 0.9726958383559984,
            "support": 90000.0
      },
      "weighted avg": {
            "precision": 0.973063017942366,
            "recall": 0.9727555555555556,
            "f1-score": 0.9727787210673825,
            "support": 90000.0
      }
}