{
      "de": {
            "precision": 0.9714225232853514,
            "recall": 0.9663086965676985,
            "f1-score": 0.9688588620289244,
            "support": 4749.0
      },
      "en": {
            "precision": 0.9651179278725718,
            "recall": 0.9802217848399021,
            "f1-score": 0.9726112222539773,
            "support": 20831.0
      },
      "es": {
            "precision": 0.9712761337551957,
            "recall": 0.9719394089893221,
            "f1-score": 0.9716076581748223,
            "support": 16108.0
      },
      "fr": {
            "precision": 0.9769030579050098,
            "recall": 0.9698568198944989,
            "f1-score": 0.9733671870779537,
            "support": 9289.0
      },
      "it": {
            "precision": 0.9575519371139809,
            "recall": 0.9765231333027943,
            "f1-score": 0.9669444916935986,
            "support": 8732.0
      },
      "nl": {
            "precision": 0.983680981595092,
            "recall": 0.9724648229015042,
            "f1-score": 0.9780407466146152,
            "support": 8244.0
      },
      "pt": {
            "precision": 0.9774791588901331,
            "recall": 0.9537452956173365,
            "f1-score": 0.9654663881037238,
            "support": 8237.0
      },
      "sv": {
            "precision": 0.981203007518797,
            "recall": 0.9606455266138165,
            "f1-score": 0.9708154506437768,
            "support": 3532.0
      },
      "tr": {
            "precision": 0.9861165428236214,
            "recall": 0.9813193228254524,
            "f1-score": 0.9837120842680191,
            "support": 10278.0
      },
      "accuracy": 0.9728,
      "macro avg": {
            "precision": 0.9745279189733059,
            "recall": 0.9703360901724805,
            "f1-score": 0.9723804545399345,
            "support": 90000.0
      },
      "weighted avg": {
            "precision": 0.9728960643847647,
            "recall": 0.9728,
            "f1-score": 0.9728025099371709,
            "support": 90000.0
      }
}