{
      "de": {
            "precision": 0.9613051662832044,
            "recall": 0.9677826910928616,
            "f1-score": 0.9645330535152151,
            "support": 4749.0
      },
      "en": {
            "precision": 0.9564041590898494,
            "recall": 0.9846862848639047,
            "f1-score": 0.9703391834996925,
            "support": 20831.0
      },
      "es": {
            "precision": 0.9758915745425021,
            "recall": 0.9700148994288552,
            "f1-score": 0.9729443631495377,
            "support": 16108.0
      },
      "fr": {
            "precision": 0.979447585906916,
            "recall": 0.9696415114651739,
            "f1-score": 0.9745198809845821,
            "support": 9289.0
      },
      "it": {
            "precision": 0.9713306681896059,
            "recall": 0.9738891433806688,
            "f1-score": 0.9726082232515583,
            "support": 8732.0
      },
      "nl": {
            "precision": 0.991278345377523,
            "recall": 0.9650655021834061,
            "f1-score": 0.9779963122311002,
            "support": 8244.0
      },
      "pt": {
            "precision": 0.9732219629038201,
            "recall": 0.9618793249969649,
            "f1-score": 0.9675174013921114,
            "support": 8237.0
      },
      "sv": {
            "precision": 0.985456660849331,
            "recall": 0.9592298980747452,
            "f1-score": 0.9721664275466284,
            "support": 3532.0
      },
      "tr": {
            "precision": 0.9871631553160216,
            "recall": 0.9801517805020432,
            "f1-score": 0.9836449738807792,
            "support": 10278.0
      },
      "accuracy": 0.9731666666666666,
      "macro avg": {
            "precision": 0.975722142050975,
            "recall": 0.9702601151098471,
            "f1-score": 0.9729188688279117,
            "support": 90000.0
      },
      "weighted avg": {
            "precision": 0.9733636288857799,
            "recall": 0.9731666666666666,
            "f1-score": 0.9731850920119816,
            "support": 90000.0
      }
}